{
    "abs_rel": 0.1973320215381682,
    "delta1_acc": 0.6573336429148913,
    "delta2_acc": 0.8907858423888684
}