{
    "ssim": 0.7731224447489808,
    "psnr": 17.842789643394028
}